{"cameraMode":{"drawMode":0,"name":"Shaded","section":"Shading Mode"},"sceneLighting":true,"audioPlay":false,"sceneViewState":{"showFog":true,"showMaterialUpdate":true,"showSkybox":true,"showFlares":true,"showImageEffects":true,"showParticleSystems":true},"in2DMode":false,"pivot":{"x":0.047028135508298877,"y":0.03569876402616501,"z":-0.009377866983413697},"rotation":{"x":0.269020140171051,"y":-0.21024784445762635,"z":0.060309216380119327,"w":0.9379873275756836},"size":1.8636929988861085,"orthographic":false}